{
	"description": "项目配置文件。",
	"setting": {
		"urlCheck": false,
		"es6": true,
		"postcss": true,
		"minified": true,
		"newFeature": true
	},
	"compileType": "miniprogram",
	"libVersion": "1.9.94",
	"appid": "wx74eb8b5d1e4d7305",
	"projectname": "%E6%9D%8E%E7%BA%A2%E7%9A%84%E5%B0%8F%E7%A8%8B%E5%BA%8F",
	"miniprogramRoot": "./",
	"condition": {
		"search": {
			"current": -1,
			"list": [
				{
					"name": "test",
					"pathName": "",
					"title": "",
					"cacheKey": ""
				}
			]
		},
		"conversation": {
			"current": 0,
			"list": [
				{
					"name": "test",
					"query": "",
					"boxQI": "",
					"service": {}
				}
			]
		},
		"miniprogram": {
			"current": -1,
			"list": [
				{
					"name": "test",
					"pathName": "COMPONENT/music",
					"query": "a=哈哈",
					"scene": 1044,
					"shareInfo": {},
					"referrerInfo": {}
				}
			]
		}
	}
}